Fecha,Nota Sesión,Ejercicio,Grupo Muscular,Equipo,Número Serie,Repeticiones,Peso (kg),Nota Serie
2026-09-19,,Extensión de tríceps en máquina,Triceps- Cabezas lateral y medial,Maquina,1,8,20,
2026-09-19,,Extensión de tríceps en máquina,Triceps- Cabezas lateral y medial,Maquina,2,8,20,
2026-09-15,Pecho,Cruce de poleas de abajo hacia arriba,Pecho superior,Polea,1,15,7.5,
2026-09-15,Pecho,Cruce de poleas de abajo hacia arriba,Pecho superior,Polea,2,10,10,
2026-09-15,Pecho,Cruce de poleas de abajo hacia arriba,Pecho superior,Polea,3,17,7.5,
2026-09-15,Pecho,Patada de tríceps en polea,Triceps- Cabezas lateral y medial,Polea,1,8,20,
2026-09-15,Pecho,Press banca en máquina,Pecho medio,Maquina,1,8,20,
2026-09-15,Pecho,Press inclinado en máquina,Pecho superior,Maquina,1,12,25,Con ayuda · Rest-pause
2026-09-15,Pecho,Press inclinado en máquina,Pecho superior,Maquina,1,12,27.5,Con ayuda
2026-09-15,Pecho,Press inclinado en máquina,Pecho superior,Maquina,1,15,25,Con ayuda
2026-09-15,Pecho,Press inclinado en Smith,Pecho superior,Máquina smith,1,8,20,
2026-09-13,Femorales,Aducción de cadera,Glúteo - Externo,Maquina,1,15,40,
2026-09-13,Femorales,Aducción de cadera,Glúteo - Externo,Maquina,2,15,50,
2026-09-13,Femorales,Aducción de cadera,Glúteo - Externo,Maquina,3,15,55,
2026-09-13,Femorales,Curl femoral sentado,FEMORALES / ISQUIOTIBIALES,Maquina,1,12,40,
2026-09-13,Femorales,Curl femoral sentado,FEMORALES / ISQUIOTIBIALES,Maquina,2,12,45,
2026-09-13,Femorales,Curl femoral tumbado,FEMORALES / ISQUIOTIBIALES,Maquina,1,12,15,
2026-09-13,Femorales,Curl femoral tumbado,FEMORALES / ISQUIOTIBIALES,Maquina,2,12,20,
2026-09-13,Femorales,Extensiones cuadricep,Pierna,Maquina,1,10,15,
2026-09-13,Femorales,Extensiones cuadricep,Pierna,Maquina,2,10,17.5,
2026-09-13,Femorales,Hip thrust,GLÚTEOS,Maquina,1,10,20,
2026-09-13,Femorales,Hip thrust,GLÚTEOS,Maquina,2,10,25,
2026-09-13,Femorales,Peso muerto rumano,Zona lumbar / erectores,Multipower / Smith,1,12,5,
2026-09-13,Femorales,Peso muerto rumano,Zona lumbar / erectores,Multipower / Smith,2,12,10,
2026-09-10,Piernas,Aducción en máquina,ADUCTORES / PARTE INTERNA DEL MUSLO,Maquina,1,12,30,
2026-09-10,Piernas,Aducción en máquina,ADUCTORES / PARTE INTERNA DEL MUSLO,Maquina,2,12,30,
2026-09-10,Piernas,Aducción en máquina,ADUCTORES / PARTE INTERNA DEL MUSLO,Maquina,3,14,35,
2026-09-10,Piernas,Curl femoral tumbado,FEMORALES / ISQUIOTIBIALES,Maquina,1,12,37.5,
2026-09-10,Piernas,Curl femoral tumbado,FEMORALES / ISQUIOTIBIALES,Maquina,2,12,37.5,
2026-09-10,Piernas,Extensión de cuádriceps,CUÁDRICEPS,Maquina,1,12,45,
2026-09-10,Piernas,Extensión de cuádriceps,CUÁDRICEPS,Maquina,2,12,55,
2026-09-10,Piernas,Extensión de cuádriceps,CUÁDRICEPS,Maquina,3,13,60,
2026-09-10,Piernas,Sentadilla frontal en Smith,CUÁDRICEPS,Máquina smith,1,8,20,
2026-09-10,Piernas,Sentadilla frontal en Smith,CUÁDRICEPS,Máquina smith,2,8,20,
2026-09-10,Piernas,Sentadilla Hack,CUÁDRICEPS,Maquina,1,10,0,
2026-09-10,Piernas,Sentadilla Hack,CUÁDRICEPS,Maquina,2,10,5,
2026-09-09,,Curl bayesiano en polea,Bíceps braquial,Polea,1,9,7.5,
2026-09-09,,Curl bayesiano en polea,Bíceps braquial,Polea,2,9,7.5,
2026-09-09,,Dominadas supinas,Dorsal ancho,Maquina asistida,1,8,42.5,
2026-09-09,,Dominadas supinas,Dorsal ancho,Maquina asistida,2,8,42.5,
2026-09-09,,Dominadas supinas,Dorsal ancho,Maquina asistida,3,8,42.5,
2026-09-09,,Jalón al pecho Polea,Dorsal ancho,Polea,1,8,20,
2026-09-09,,Remo T,Espalda media / grosor,Maquina,1,9,20,
2026-09-09,,Remo T,Espalda media / grosor,Maquina,2,9,25,
2026-09-09,,Remo unilateral en polea,Espalda media / grosor,Polea,1,12,35,
2026-09-09,,Remo unilateral en polea,Espalda media / grosor,Polea,2,12,40,
2026-09-08,,Cruce de poleas de abajo hacia arriba,Pecho superior,Polea,1,12,5,
2026-09-08,,Fondos en máquina,Triceps- Cabezas lateral y medial,Maquina,1,12,80,
2026-09-08,,Press banca en máquina,Pecho medio,Maquina,1,12,100,
2026-09-08,,Press inclinado en máquina,Pecho superior,Maquina,1,10,40,
2026-09-08,,Press inclinado en Smith,Pecho superior,Máquina smith,1,12,45,
2026-09-07,,Sentadilla,Pierna,Barra,1,8,20,Con ayuda · Rest-pause + dropset
2026-09-07,,Sentadilla,Pierna,Barra,2,8,20,Con ayuda · Rest-pause + dropset
2026-09-07,,Sentadilla,Pierna,Barra,3,8,40,
2026-09-06,,Abducción,Glúteo - Externo,Aductores,1,12,50,
2026-09-06,,Abducción,Glúteo - Externo,Aductores,2,12,50,
2026-09-06,,Abducción,Glúteo - Externo,Aductores,3,12,50,
2026-09-06,,Abducción,Glúteo - Externo,Aductores,4,12,50,
2026-09-05,,Press banca,Pecho superior,Barra,1,10,25,
2026-09-05,,Sentadilla,Pierna,Barra,1,8,40,
2026-09-05,,Sentadilla,Pierna,Barra,2,8,20,Con ayuda · Fallo muscular
2026-09-04,Pierna + Gluteo,Press banca,Pecho superior,Barra,1,10,50,Con ayuda · Fallo muscular
2026-09-04,Pierna + Gluteo,Sentadilla,Pierna,Barra,1,10,20,Con ayuda
